<?xml version="1.0" encoding="us-ascii"?><ArrayOfPersonas xmlns:xsi="http://www.w3.org/2001/XMLSchema-instance" xmlns:xsd="http://www.w3.org/2001/XMLSchema"><Personas><Nombre>Joaquin</Nombre><Apellido>Esposito</Apellido><Dni>40929964</Dni><Tarjeta>0</Tarjeta></Personas><Personas><Nombre>Joaquin</Nombre><Apellido>Esposito</Apellido><Dni>40929964</Dni><Tarjeta>4587789425631457</Tarjeta></Personas><Personas><Nombre>Leo </Nombre><Apellido>Gonzales</Apellido><Dni>41256897</Dni><Tarjeta>1478526</Tarjeta></Personas></ArrayOfPersonas>